{
    "episodes": [
        1,
        2,
        3,
        4,
        5,
        6,
        7,
        8,
        9,
        10,
        11,
        12,
        13,
        14,
        15,
        16,
        17,
        18,
        19,
        20
    ],
    "rewards": [
        0.0,
        0.0,
        0.0,
        0.0,
        0.0,
        0.0,
        0.0,
        0.0,
        0.0,
        0.0,
        0.0,
        0.0,
        0.0,
        0.0,
        0.0,
        100.0,
        0.0,
        0.0,
        50.0,
        0.0
    ],
    "survival_frames": [
        24,
        55,
        24,
        55,
        23,
        54,
        54,
        54,
        23,
        55,
        55,
        24,
        55,
        23,
        23,
        112,
        55,
        55,
        93,
        55
    ],
    "blocks_destroyed": [
        0,
        0,
        0,
        0,
        0,
        0,
        0,
        0,
        0,
        0,
        0,
        0,
        0,
        0,
        0,
        0,
        0,
        0,
        0,
        0
    ],
    "paddle_hits": [
        1,
        0,
        0,
        0,
        0,
        0,
        0,
        0,
        0,
        0,
        0,
        0,
        0,
        0,
        0,
        1,
        0,
        0,
        1,
        0
    ],
    "epsilons": [
        0.995,
        0.990025,
        0.985074875,
        0.9801495006250001,
        0.9752487531218751,
        0.9703725093562657,
        0.9655206468094844,
        0.960693043575437,
        0.9558895783575597,
        0.9511101304657719,
        0.946354579813443,
        0.9416228069143757,
        0.9369146928798039,
        0.9322301194154049,
        0.9275689688183278,
        0.9229311239742362,
        0.918316468354365,
        0.9137248860125932,
        0.9091562615825302,
        0.9046104802746175
    ],
    "jitters": [
        4,
        16,
        3,
        11,
        12,
        14,
        6,
        13,
        7,
        10,
        13,
        11,
        13,
        7,
        2,
        30,
        14,
        9,
        22,
        10
    ],
    "avg_max_q": [
        0.0,
        0.0,
        0.0,
        -1.0221381818181818,
        -1.5587951304347827,
        -0.6572919466666667,
        -0.6507190272,
        -0.644211836928,
        -2.565195516226693,
        -1.692036040183346,
        -5.465730602777873,
        -1.9527558636356968,
        -0.9302752745861484,
        -1.4351154427285167,
        -1.004751860238572,
        -1.1262124436022984,
        -2.874713531721167,
        -3.8738550819727076,
        -0.0978235157157581,
        -1.9038629344858857
    ],
    "alpha": 0.2,
    "gamma": 0.95
}